"countryCode","methodKey","quantity","weightGrams","weightEvidence","basePostageMinor","currency","maximumBandGrams","additionalCompensationMinor","compensationStatus","customsChargesMinor","otherSurchargesMinor","finalQuote","approvalStatus","sourceUrl","rateId"
"AE","royal-mail-international-tracked","1","1061","measured-total","2775","GBP","1250","310","published-optional-cover-subject-to-eligibility",,,"false","unapproved","https://www.royalmail.com/sites/royalmail.com/files/2026-10/online-price-guide-october-2026-v1.pdf","768afe4a-ead1-54e3-ae2e-0b392d67fd40"
"AE","royal-mail-international-tracked","2","2056","provisional-packaging",,"GBP",,,"outside-published-weight-range",,,"false","unapproved",,
"AE","royal-mail-international-tracked","3","3009","provisional-packaging",,"GBP",,,"outside-published-weight-range",,,"false","unapproved",,
"AE","royal-mail-international-tracked","4","3962","provisional-packaging",,"GBP",,,"outside-published-weight-range",,,"false","unapproved",,
"AE","royal-mail-international-tracked","5","4915","provisional-packaging",,"GBP",,,"outside-published-weight-range",,,"false","unapproved",,
"AE","royal-mail-international-tracked","6","5868","provisional-packaging",,"GBP",,,"outside-published-weight-range",,,"false","unapproved",,
"AE","royal-mail-international-tracked","7","6821","provisional-packaging",,"GBP",,,"outside-published-weight-range",,,"false","unapproved",,
"AE","royal-mail-international-tracked","8","7774","provisional-packaging",,"GBP",,,"outside-published-weight-range",,,"false","unapproved",,
"AE","royal-mail-international-tracked","9","8727","provisional-packaging",,"GBP",,,"outside-published-weight-range",,,"false","unapproved",,
"AE","royal-mail-international-tracked","10","9680","provisional-packaging",,"GBP",,,"outside-published-weight-range",,,"false","unapproved",,
"AE","royal-mail-international-tracked-heavier","1","1061","measured-total","3110","GBP","2000","310","published-optional-cover-subject-to-eligibility",,,"false","unapproved","https://www.royalmail.com/sites/royalmail.com/files/2026-10/online-price-guide-october-2026-v1.pdf","af1bd4b6-badd-5b03-af61-204e34b4ce74"
"AE","royal-mail-international-tracked-heavier","2","2056","provisional-packaging","3555","GBP","3000","310","published-optional-cover-subject-to-eligibility",,,"false","unapproved","https://www.royalmail.com/sites/royalmail.com/files/2026-10/online-price-guide-october-2026-v1.pdf","0ac859cf-c032-5253-a43c-fe2ad1ab8062"
"AE","royal-mail-international-tracked-heavier","3","3009","provisional-packaging","4255","GBP","4000","310","published-optional-cover-subject-to-eligibility",,,"false","unapproved","https://www.royalmail.com/sites/royalmail.com/files/2026-10/online-price-guide-october-2026-v1.pdf","c2d3a3cb-0c78-5c15-a69a-9ce6392a22d5"
"AE","royal-mail-international-tracked-heavier","4","3962","provisional-packaging","4255","GBP","4000",,"insufficient-published-cover",,,"false","unapproved","https://www.royalmail.com/sites/royalmail.com/files/2026-10/online-price-guide-october-2026-v1.pdf","c2d3a3cb-0c78-5c15-a69a-9ce6392a22d5"
"AE","royal-mail-international-tracked-heavier","5","4915","provisional-packaging","5335","GBP","5000",,"insufficient-published-cover",,,"false","unapproved","https://www.royalmail.com/sites/royalmail.com/files/2026-10/online-price-guide-october-2026-v1.pdf","06ae8f59-6223-583e-a4e9-3fc27d66a814"
"AE","royal-mail-international-tracked-heavier","6","5868","provisional-packaging","7185","GBP","7500",,"insufficient-published-cover",,,"false","unapproved","https://www.royalmail.com/sites/royalmail.com/files/2026-10/online-price-guide-october-2026-v1.pdf","643face8-9dc1-5df7-aa59-57bab6ed6503"
"AE","royal-mail-international-tracked-heavier","7","6821","provisional-packaging","7185","GBP","7500",,"insufficient-published-cover",,,"false","unapproved","https://www.royalmail.com/sites/royalmail.com/files/2026-10/online-price-guide-october-2026-v1.pdf","643face8-9dc1-5df7-aa59-57bab6ed6503"
"AE","royal-mail-international-tracked-heavier","8","7774","provisional-packaging","10775","GBP","10000",,"insufficient-published-cover",,,"false","unapproved","https://www.royalmail.com/sites/royalmail.com/files/2026-10/online-price-guide-october-2026-v1.pdf","055f8770-1295-5a5d-aba7-d402a5e194dc"
"AE","royal-mail-international-tracked-heavier","9","8727","provisional-packaging","10775","GBP","10000",,"insufficient-published-cover",,,"false","unapproved","https://www.royalmail.com/sites/royalmail.com/files/2026-10/online-price-guide-october-2026-v1.pdf","055f8770-1295-5a5d-aba7-d402a5e194dc"
"AE","royal-mail-international-tracked-heavier","10","9680","provisional-packaging","10775","GBP","10000",,"insufficient-published-cover",,,"false","unapproved","https://www.royalmail.com/sites/royalmail.com/files/2026-10/online-price-guide-october-2026-v1.pdf","055f8770-1295-5a5d-aba7-d402a5e194dc"
"AU","royal-mail-international-tracked","1","1061","measured-total","2510","GBP","1250","310","published-optional-cover-subject-to-eligibility",,,"false","unapproved","https://www.royalmail.com/sites/royalmail.com/files/2026-10/online-price-guide-october-2026-v1.pdf","22433fc8-1346-5db1-b228-37001e1d6ebf"
"AU","royal-mail-international-tracked","2","2056","provisional-packaging",,"GBP",,,"outside-published-weight-range",,,"false","unapproved",,
"AU","royal-mail-international-tracked","3","3009","provisional-packaging",,"GBP",,,"outside-published-weight-range",,,"false","unapproved",,
"AU","royal-mail-international-tracked","4","3962","provisional-packaging",,"GBP",,,"outside-published-weight-range",,,"false","unapproved",,
"AU","royal-mail-international-tracked","5","4915","provisional-packaging",,"GBP",,,"outside-published-weight-range",,,"false","unapproved",,
"AU","royal-mail-international-tracked","6","5868","provisional-packaging",,"GBP",,,"outside-published-weight-range",,,"false","unapproved",,
"AU","royal-mail-international-tracked","7","6821","provisional-packaging",,"GBP",,,"outside-published-weight-range",,,"false","unapproved",,
"AU","royal-mail-international-tracked","8","7774","provisional-packaging",,"GBP",,,"outside-published-weight-range",,,"false","unapproved",,
"AU","royal-mail-international-tracked","9","8727","provisional-packaging",,"GBP",,,"outside-published-weight-range",,,"false","unapproved",,
"AU","royal-mail-international-tracked","10","9680","provisional-packaging",,"GBP",,,"outside-published-weight-range",,,"false","unapproved",,
"AU","royal-mail-international-tracked-heavier","1","1061","measured-total","3510","GBP","2000","310","published-optional-cover-subject-to-eligibility",,,"false","unapproved","https://www.royalmail.com/sites/royalmail.com/files/2026-10/online-price-guide-october-2026-v1.pdf","32eaaa9b-0206-51b4-94a6-c8e184fa2a0b"
"AU","royal-mail-international-tracked-heavier","2","2056","provisional-packaging","3885","GBP","3000","310","published-optional-cover-subject-to-eligibility",,,"false","unapproved","https://www.royalmail.com/sites/royalmail.com/files/2026-10/online-price-guide-october-2026-v1.pdf","d3cddb5f-e9d5-5e98-aeae-0642c1743499"
"AU","royal-mail-international-tracked-heavier","3","3009","provisional-packaging","4550","GBP","4000","310","published-optional-cover-subject-to-eligibility",,,"false","unapproved","https://www.royalmail.com/sites/royalmail.com/files/2026-10/online-price-guide-october-2026-v1.pdf","68cb87ff-8eaf-54e8-be14-e01b28a9e463"
"AU","royal-mail-international-tracked-heavier","4","3962","provisional-packaging","4550","GBP","4000",,"insufficient-published-cover",,,"false","unapproved","https://www.royalmail.com/sites/royalmail.com/files/2026-10/online-price-guide-october-2026-v1.pdf","68cb87ff-8eaf-54e8-be14-e01b28a9e463"
"AU","royal-mail-international-tracked-heavier","5","4915","provisional-packaging","4950","GBP","5000",,"insufficient-published-cover",,,"false","unapproved","https://www.royalmail.com/sites/royalmail.com/files/2026-10/online-price-guide-october-2026-v1.pdf","f13478f5-45e3-5cdc-a0f5-9c6a8438b760"
"AU","royal-mail-international-tracked-heavier","6","5868","provisional-packaging","6395","GBP","7500",,"insufficient-published-cover",,,"false","unapproved","https://www.royalmail.com/sites/royalmail.com/files/2026-10/online-price-guide-october-2026-v1.pdf","cc5c779a-fe82-5f85-83dc-3b82dd012d2d"
"AU","royal-mail-international-tracked-heavier","7","6821","provisional-packaging","6395","GBP","7500",,"insufficient-published-cover",,,"false","unapproved","https://www.royalmail.com/sites/royalmail.com/files/2026-10/online-price-guide-october-2026-v1.pdf","cc5c779a-fe82-5f85-83dc-3b82dd012d2d"
"AU","royal-mail-international-tracked-heavier","8","7774","provisional-packaging","8030","GBP","10000",,"insufficient-published-cover",,,"false","unapproved","https://www.royalmail.com/sites/royalmail.com/files/2026-10/online-price-guide-october-2026-v1.pdf","0047d711-d2e6-52f5-be47-9ea9ceea7ac9"
"AU","royal-mail-international-tracked-heavier","9","8727","provisional-packaging","8030","GBP","10000",,"insufficient-published-cover",,,"false","unapproved","https://www.royalmail.com/sites/royalmail.com/files/2026-10/online-price-guide-october-2026-v1.pdf","0047d711-d2e6-52f5-be47-9ea9ceea7ac9"
"AU","royal-mail-international-tracked-heavier","10","9680","provisional-packaging","8030","GBP","10000",,"insufficient-published-cover",,,"false","unapproved","https://www.royalmail.com/sites/royalmail.com/files/2026-10/online-price-guide-october-2026-v1.pdf","0047d711-d2e6-52f5-be47-9ea9ceea7ac9"
"BH","royal-mail-international-tracked","1","1061","measured-total","2775","GBP","1250","310","published-optional-cover-subject-to-eligibility",,,"false","unapproved","https://www.royalmail.com/sites/royalmail.com/files/2026-10/online-price-guide-october-2026-v1.pdf","987f7b5d-b89e-5207-abf3-cf7f6308072f"
"BH","royal-mail-international-tracked","2","2056","provisional-packaging",,"GBP",,,"outside-published-weight-range",,,"false","unapproved",,
"BH","royal-mail-international-tracked","3","3009","provisional-packaging",,"GBP",,,"outside-published-weight-range",,,"false","unapproved",,
"BH","royal-mail-international-tracked","4","3962","provisional-packaging",,"GBP",,,"outside-published-weight-range",,,"false","unapproved",,
"BH","royal-mail-international-tracked","5","4915","provisional-packaging",,"GBP",,,"outside-published-weight-range",,,"false","unapproved",,
"BH","royal-mail-international-tracked","6","5868","provisional-packaging",,"GBP",,,"outside-published-weight-range",,,"false","unapproved",,
"BH","royal-mail-international-tracked","7","6821","provisional-packaging",,"GBP",,,"outside-published-weight-range",,,"false","unapproved",,
"BH","royal-mail-international-tracked","8","7774","provisional-packaging",,"GBP",,,"outside-published-weight-range",,,"false","unapproved",,
"BH","royal-mail-international-tracked","9","8727","provisional-packaging",,"GBP",,,"outside-published-weight-range",,,"false","unapproved",,
"BH","royal-mail-international-tracked","10","9680","provisional-packaging",,"GBP",,,"outside-published-weight-range",,,"false","unapproved",,
"BH","royal-mail-international-tracked-heavier","1","1061","measured-total","3110","GBP","2000","310","published-optional-cover-subject-to-eligibility",,,"false","unapproved","https://www.royalmail.com/sites/royalmail.com/files/2026-10/online-price-guide-october-2026-v1.pdf","00ccc548-9249-5a50-a521-adc93e31ecc2"
"BH","royal-mail-international-tracked-heavier","2","2056","provisional-packaging","3555","GBP","3000","310","published-optional-cover-subject-to-eligibility",,,"false","unapproved","https://www.royalmail.com/sites/royalmail.com/files/2026-10/online-price-guide-october-2026-v1.pdf","666b66e0-d837-5272-a0c5-3d4d8f63ee43"
"BH","royal-mail-international-tracked-heavier","3","3009","provisional-packaging","4255","GBP","4000","310","published-optional-cover-subject-to-eligibility",,,"false","unapproved","https://www.royalmail.com/sites/royalmail.com/files/2026-10/online-price-guide-october-2026-v1.pdf","eddd5503-b863-5ec2-a615-6523db786bc9"
"BH","royal-mail-international-tracked-heavier","4","3962","provisional-packaging","4255","GBP","4000",,"insufficient-published-cover",,,"false","unapproved","https://www.royalmail.com/sites/royalmail.com/files/2026-10/online-price-guide-october-2026-v1.pdf","eddd5503-b863-5ec2-a615-6523db786bc9"
"BH","royal-mail-international-tracked-heavier","5","4915","provisional-packaging","5335","GBP","5000",,"insufficient-published-cover",,,"false","unapproved","https://www.royalmail.com/sites/royalmail.com/files/2026-10/online-price-guide-october-2026-v1.pdf","088ad9e3-30ff-5011-a4e0-c8259f0ed59e"
"BH","royal-mail-international-tracked-heavier","6","5868","provisional-packaging","7185","GBP","7500",,"insufficient-published-cover",,,"false","unapproved","https://www.royalmail.com/sites/royalmail.com/files/2026-10/online-price-guide-october-2026-v1.pdf","5fd0b9b7-8bf2-5ec1-a6f1-e67fc4621114"
"BH","royal-mail-international-tracked-heavier","7","6821","provisional-packaging","7185","GBP","7500",,"insufficient-published-cover",,,"false","unapproved","https://www.royalmail.com/sites/royalmail.com/files/2026-10/online-price-guide-october-2026-v1.pdf","5fd0b9b7-8bf2-5ec1-a6f1-e67fc4621114"
"BH","royal-mail-international-tracked-heavier","8","7774","provisional-packaging","10775","GBP","10000",,"insufficient-published-cover",,,"false","unapproved","https://www.royalmail.com/sites/royalmail.com/files/2026-10/online-price-guide-october-2026-v1.pdf","4e23186e-b041-5b36-acf2-5e984bdc7c66"
"BH","royal-mail-international-tracked-heavier","9","8727","provisional-packaging","10775","GBP","10000",,"insufficient-published-cover",,,"false","unapproved","https://www.royalmail.com/sites/royalmail.com/files/2026-10/online-price-guide-october-2026-v1.pdf","4e23186e-b041-5b36-acf2-5e984bdc7c66"
"BH","royal-mail-international-tracked-heavier","10","9680","provisional-packaging","10775","GBP","10000",,"insufficient-published-cover",,,"false","unapproved","https://www.royalmail.com/sites/royalmail.com/files/2026-10/online-price-guide-october-2026-v1.pdf","4e23186e-b041-5b36-acf2-5e984bdc7c66"
"CA","royal-mail-international-tracked","1","1061","measured-total","2295","GBP","1250","310","published-optional-cover-subject-to-eligibility",,,"false","unapproved","https://www.royalmail.com/sites/royalmail.com/files/2026-10/online-price-guide-october-2026-v1.pdf","d033ebbb-3638-5e93-adab-77d3580aa9ed"
"CA","royal-mail-international-tracked","2","2056","provisional-packaging",,"GBP",,,"outside-published-weight-range",,,"false","unapproved",,
"CA","royal-mail-international-tracked","3","3009","provisional-packaging",,"GBP",,,"outside-published-weight-range",,,"false","unapproved",,
"CA","royal-mail-international-tracked","4","3962","provisional-packaging",,"GBP",,,"outside-published-weight-range",,,"false","unapproved",,
"CA","royal-mail-international-tracked","5","4915","provisional-packaging",,"GBP",,,"outside-published-weight-range",,,"false","unapproved",,
"CA","royal-mail-international-tracked","6","5868","provisional-packaging",,"GBP",,,"outside-published-weight-range",,,"false","unapproved",,
"CA","royal-mail-international-tracked","7","6821","provisional-packaging",,"GBP",,,"outside-published-weight-range",,,"false","unapproved",,
"CA","royal-mail-international-tracked","8","7774","provisional-packaging",,"GBP",,,"outside-published-weight-range",,,"false","unapproved",,
"CA","royal-mail-international-tracked","9","8727","provisional-packaging",,"GBP",,,"outside-published-weight-range",,,"false","unapproved",,
"CA","royal-mail-international-tracked","10","9680","provisional-packaging",,"GBP",,,"outside-published-weight-range",,,"false","unapproved",,
"CA","royal-mail-international-tracked-heavier","1","1061","measured-total","2505","GBP","2000","310","published-optional-cover-subject-to-eligibility",,,"false","unapproved","https://www.royalmail.com/sites/royalmail.com/files/2026-10/online-price-guide-october-2026-v1.pdf","2795fbc3-33e5-528d-8fb3-c94631a6b751"
"CA","royal-mail-international-tracked-heavier","2","2056","provisional-packaging","2940","GBP","3000","310","published-optional-cover-subject-to-eligibility",,,"false","unapproved","https://www.royalmail.com/sites/royalmail.com/files/2026-10/online-price-guide-october-2026-v1.pdf","ca5984aa-ce61-5f0f-ae68-ef2021e402e2"
"CA","royal-mail-international-tracked-heavier","3","3009","provisional-packaging","3285","GBP","4000","310","published-optional-cover-subject-to-eligibility",,,"false","unapproved","https://www.royalmail.com/sites/royalmail.com/files/2026-10/online-price-guide-october-2026-v1.pdf","4ee5a85f-589e-5095-8a5b-92968fc857ff"
"CA","royal-mail-international-tracked-heavier","4","3962","provisional-packaging","3285","GBP","4000",,"insufficient-published-cover",,,"false","unapproved","https://www.royalmail.com/sites/royalmail.com/files/2026-10/online-price-guide-october-2026-v1.pdf","4ee5a85f-589e-5095-8a5b-92968fc857ff"
"CA","royal-mail-international-tracked-heavier","5","4915","provisional-packaging","3790","GBP","5000",,"insufficient-published-cover",,,"false","unapproved","https://www.royalmail.com/sites/royalmail.com/files/2026-10/online-price-guide-october-2026-v1.pdf","b413683a-0a40-5b9a-a004-5a711bd3f6cb"
"CA","royal-mail-international-tracked-heavier","6","5868","provisional-packaging","4825","GBP","7500",,"insufficient-published-cover",,,"false","unapproved","https://www.royalmail.com/sites/royalmail.com/files/2026-10/online-price-guide-october-2026-v1.pdf","fb624966-2866-59bd-a0d1-c9a58fc28a9b"
"CA","royal-mail-international-tracked-heavier","7","6821","provisional-packaging","4825","GBP","7500",,"insufficient-published-cover",,,"false","unapproved","https://www.royalmail.com/sites/royalmail.com/files/2026-10/online-price-guide-october-2026-v1.pdf","fb624966-2866-59bd-a0d1-c9a58fc28a9b"
"CA","royal-mail-international-tracked-heavier","8","7774","provisional-packaging","6325","GBP","10000",,"insufficient-published-cover",,,"false","unapproved","https://www.royalmail.com/sites/royalmail.com/files/2026-10/online-price-guide-october-2026-v1.pdf","99514f9c-4bfa-5a0b-a9d4-c310c74cea67"
"CA","royal-mail-international-tracked-heavier","9","8727","provisional-packaging","6325","GBP","10000",,"insufficient-published-cover",,,"false","unapproved","https://www.royalmail.com/sites/royalmail.com/files/2026-10/online-price-guide-october-2026-v1.pdf","99514f9c-4bfa-5a0b-a9d4-c310c74cea67"
"CA","royal-mail-international-tracked-heavier","10","9680","provisional-packaging","6325","GBP","10000",,"insufficient-published-cover",,,"false","unapproved","https://www.royalmail.com/sites/royalmail.com/files/2026-10/online-price-guide-october-2026-v1.pdf","99514f9c-4bfa-5a0b-a9d4-c310c74cea67"
"DE","royal-mail-international-tracked","1","1061","measured-total","995","GBP","1250","310","published-optional-cover-subject-to-eligibility",,,"false","unapproved","https://www.royalmail.com/sites/royalmail.com/files/2026-10/online-price-guide-october-2026-v1.pdf","fa31148d-ccd6-56ec-8d41-c7be8354e51e"
"DE","royal-mail-international-tracked","2","2056","provisional-packaging",,"GBP",,,"outside-published-weight-range",,,"false","unapproved",,
"DE","royal-mail-international-tracked","3","3009","provisional-packaging",,"GBP",,,"outside-published-weight-range",,,"false","unapproved",,
"DE","royal-mail-international-tracked","4","3962","provisional-packaging",,"GBP",,,"outside-published-weight-range",,,"false","unapproved",,
"DE","royal-mail-international-tracked","5","4915","provisional-packaging",,"GBP",,,"outside-published-weight-range",,,"false","unapproved",,
"DE","royal-mail-international-tracked","6","5868","provisional-packaging",,"GBP",,,"outside-published-weight-range",,,"false","unapproved",,
"DE","royal-mail-international-tracked","7","6821","provisional-packaging",,"GBP",,,"outside-published-weight-range",,,"false","unapproved",,
"DE","royal-mail-international-tracked","8","7774","provisional-packaging",,"GBP",,,"outside-published-weight-range",,,"false","unapproved",,
"DE","royal-mail-international-tracked","9","8727","provisional-packaging",,"GBP",,,"outside-published-weight-range",,,"false","unapproved",,
"DE","royal-mail-international-tracked","10","9680","provisional-packaging",,"GBP",,,"outside-published-weight-range",,,"false","unapproved",,
"DE","royal-mail-international-tracked-heavier","1","1061","measured-total","1170","GBP","2000","310","published-optional-cover-subject-to-eligibility",,,"false","unapproved","https://www.royalmail.com/sites/royalmail.com/files/2026-10/online-price-guide-october-2026-v1.pdf","8df2c5de-f751-506e-b9d4-a4448a1a1e3e"
"DE","royal-mail-international-tracked-heavier","2","2056","provisional-packaging","1260","GBP","3000","310","published-optional-cover-subject-to-eligibility",,,"false","unapproved","https://www.royalmail.com/sites/royalmail.com/files/2026-10/online-price-guide-october-2026-v1.pdf","d735c32c-2dab-5c64-a627-850e40ccb05a"
"DE","royal-mail-international-tracked-heavier","3","3009","provisional-packaging","1370","GBP","4000","310","published-optional-cover-subject-to-eligibility",,,"false","unapproved","https://www.royalmail.com/sites/royalmail.com/files/2026-10/online-price-guide-october-2026-v1.pdf","f6a8e2bd-d68d-5ca1-a329-42eef72e88bf"
"DE","royal-mail-international-tracked-heavier","4","3962","provisional-packaging","1370","GBP","4000",,"insufficient-published-cover",,,"false","unapproved","https://www.royalmail.com/sites/royalmail.com/files/2026-10/online-price-guide-october-2026-v1.pdf","f6a8e2bd-d68d-5ca1-a329-42eef72e88bf"
"DE","royal-mail-international-tracked-heavier","5","4915","provisional-packaging","1435","GBP","5000",,"insufficient-published-cover",,,"false","unapproved","https://www.royalmail.com/sites/royalmail.com/files/2026-10/online-price-guide-october-2026-v1.pdf","72ff8599-bdbb-5802-9f81-fc9e0b90c57c"
"DE","royal-mail-international-tracked-heavier","6","5868","provisional-packaging","1575","GBP","7500",,"insufficient-published-cover",,,"false","unapproved","https://www.royalmail.com/sites/royalmail.com/files/2026-10/online-price-guide-october-2026-v1.pdf","7dc4a918-053b-5553-a2c9-a3feeab0a22c"
"DE","royal-mail-international-tracked-heavier","7","6821","provisional-packaging","1575","GBP","7500",,"insufficient-published-cover",,,"false","unapproved","https://www.royalmail.com/sites/royalmail.com/files/2026-10/online-price-guide-october-2026-v1.pdf","7dc4a918-053b-5553-a2c9-a3feeab0a22c"
"DE","royal-mail-international-tracked-heavier","8","7774","provisional-packaging","1935","GBP","10000",,"insufficient-published-cover",,,"false","unapproved","https://www.royalmail.com/sites/royalmail.com/files/2026-10/online-price-guide-october-2026-v1.pdf","f44459ee-e730-527a-8a80-18ef22868a79"
"DE","royal-mail-international-tracked-heavier","9","8727","provisional-packaging","1935","GBP","10000",,"insufficient-published-cover",,,"false","unapproved","https://www.royalmail.com/sites/royalmail.com/files/2026-10/online-price-guide-october-2026-v1.pdf","f44459ee-e730-527a-8a80-18ef22868a79"
"DE","royal-mail-international-tracked-heavier","10","9680","provisional-packaging","1935","GBP","10000",,"insufficient-published-cover",,,"false","unapproved","https://www.royalmail.com/sites/royalmail.com/files/2026-10/online-price-guide-october-2026-v1.pdf","f44459ee-e730-527a-8a80-18ef22868a79"
"ES","royal-mail-international-tracked","1","1061","measured-total","1185","GBP","1250","310","published-optional-cover-subject-to-eligibility",,,"false","unapproved","https://www.royalmail.com/sites/royalmail.com/files/2026-10/online-price-guide-october-2026-v1.pdf","8f870fb1-faf6-50b2-ae83-ba8b337c4ac7"
"ES","royal-mail-international-tracked","2","2056","provisional-packaging",,"GBP",,,"outside-published-weight-range",,,"false","unapproved",,
"ES","royal-mail-international-tracked","3","3009","provisional-packaging",,"GBP",,,"outside-published-weight-range",,,"false","unapproved",,
"ES","royal-mail-international-tracked","4","3962","provisional-packaging",,"GBP",,,"outside-published-weight-range",,,"false","unapproved",,
"ES","royal-mail-international-tracked","5","4915","provisional-packaging",,"GBP",,,"outside-published-weight-range",,,"false","unapproved",,
"ES","royal-mail-international-tracked","6","5868","provisional-packaging",,"GBP",,,"outside-published-weight-range",,,"false","unapproved",,
"ES","royal-mail-international-tracked","7","6821","provisional-packaging",,"GBP",,,"outside-published-weight-range",,,"false","unapproved",,
"ES","royal-mail-international-tracked","8","7774","provisional-packaging",,"GBP",,,"outside-published-weight-range",,,"false","unapproved",,
"ES","royal-mail-international-tracked","9","8727","provisional-packaging",,"GBP",,,"outside-published-weight-range",,,"false","unapproved",,
"ES","royal-mail-international-tracked","10","9680","provisional-packaging",,"GBP",,,"outside-published-weight-range",,,"false","unapproved",,
"ES","royal-mail-international-tracked-heavier","1","1061","measured-total","1710","GBP","2000","310","published-optional-cover-subject-to-eligibility",,,"false","unapproved","https://www.royalmail.com/sites/royalmail.com/files/2026-10/online-price-guide-october-2026-v1.pdf","d9feabfe-69cd-5b54-bd26-53758d1670a5"
"ES","royal-mail-international-tracked-heavier","2","2056","provisional-packaging","1980","GBP","3000","310","published-optional-cover-subject-to-eligibility",,,"false","unapproved","https://www.royalmail.com/sites/royalmail.com/files/2026-10/online-price-guide-october-2026-v1.pdf","50f58741-6b8d-5891-8d09-14899eb45d84"
"ES","royal-mail-international-tracked-heavier","3","3009","provisional-packaging","2450","GBP","4000","310","published-optional-cover-subject-to-eligibility",,,"false","unapproved","https://www.royalmail.com/sites/royalmail.com/files/2026-10/online-price-guide-october-2026-v1.pdf","96e40532-1f5c-56ec-b15b-ec3806d4bb9a"
"ES","royal-mail-international-tracked-heavier","4","3962","provisional-packaging","2450","GBP","4000",,"insufficient-published-cover",,,"false","unapproved","https://www.royalmail.com/sites/royalmail.com/files/2026-10/online-price-guide-october-2026-v1.pdf","96e40532-1f5c-56ec-b15b-ec3806d4bb9a"
"ES","royal-mail-international-tracked-heavier","5","4915","provisional-packaging","2900","GBP","5000",,"insufficient-published-cover",,,"false","unapproved","https://www.royalmail.com/sites/royalmail.com/files/2026-10/online-price-guide-october-2026-v1.pdf","ff1111e6-66ee-5bf6-a7c4-12b4b6a5e7fb"
"ES","royal-mail-international-tracked-heavier","6","5868","provisional-packaging","3800","GBP","7500",,"insufficient-published-cover",,,"false","unapproved","https://www.royalmail.com/sites/royalmail.com/files/2026-10/online-price-guide-october-2026-v1.pdf","f35de608-0449-5d14-8715-5a29759b70fa"
"ES","royal-mail-international-tracked-heavier","7","6821","provisional-packaging","3800","GBP","7500",,"insufficient-published-cover",,,"false","unapproved","https://www.royalmail.com/sites/royalmail.com/files/2026-10/online-price-guide-october-2026-v1.pdf","f35de608-0449-5d14-8715-5a29759b70fa"
"ES","royal-mail-international-tracked-heavier","8","7774","provisional-packaging","4600","GBP","10000",,"insufficient-published-cover",,,"false","unapproved","https://www.royalmail.com/sites/royalmail.com/files/2026-10/online-price-guide-october-2026-v1.pdf","20d5c809-ca4b-5e05-a390-742e2188e7fa"
"ES","royal-mail-international-tracked-heavier","9","8727","provisional-packaging","4600","GBP","10000",,"insufficient-published-cover",,,"false","unapproved","https://www.royalmail.com/sites/royalmail.com/files/2026-10/online-price-guide-october-2026-v1.pdf","20d5c809-ca4b-5e05-a390-742e2188e7fa"
"ES","royal-mail-international-tracked-heavier","10","9680","provisional-packaging","4600","GBP","10000",,"insufficient-published-cover",,,"false","unapproved","https://www.royalmail.com/sites/royalmail.com/files/2026-10/online-price-guide-october-2026-v1.pdf","20d5c809-ca4b-5e05-a390-742e2188e7fa"
"FR","royal-mail-international-tracked","1","1061","measured-total","1115","GBP","1250","310","published-optional-cover-subject-to-eligibility",,,"false","unapproved","https://www.royalmail.com/sites/royalmail.com/files/2026-10/online-price-guide-october-2026-v1.pdf","de5c166c-0ea8-5dc2-84db-2c59e8399fa8"
"FR","royal-mail-international-tracked","2","2056","provisional-packaging",,"GBP",,,"outside-published-weight-range",,,"false","unapproved",,
"FR","royal-mail-international-tracked","3","3009","provisional-packaging",,"GBP",,,"outside-published-weight-range",,,"false","unapproved",,
"FR","royal-mail-international-tracked","4","3962","provisional-packaging",,"GBP",,,"outside-published-weight-range",,,"false","unapproved",,
"FR","royal-mail-international-tracked","5","4915","provisional-packaging",,"GBP",,,"outside-published-weight-range",,,"false","unapproved",,
"FR","royal-mail-international-tracked","6","5868","provisional-packaging",,"GBP",,,"outside-published-weight-range",,,"false","unapproved",,
"FR","royal-mail-international-tracked","7","6821","provisional-packaging",,"GBP",,,"outside-published-weight-range",,,"false","unapproved",,
"FR","royal-mail-international-tracked","8","7774","provisional-packaging",,"GBP",,,"outside-published-weight-range",,,"false","unapproved",,
"FR","royal-mail-international-tracked","9","8727","provisional-packaging",,"GBP",,,"outside-published-weight-range",,,"false","unapproved",,
"FR","royal-mail-international-tracked","10","9680","provisional-packaging",,"GBP",,,"outside-published-weight-range",,,"false","unapproved",,
"FR","royal-mail-international-tracked-heavier","1","1061","measured-total","1175","GBP","2000","310","published-optional-cover-subject-to-eligibility",,,"false","unapproved","https://www.royalmail.com/sites/royalmail.com/files/2026-10/online-price-guide-october-2026-v1.pdf","f5fb39db-e5ed-5a7b-a5d9-3720188a4c95"
"FR","royal-mail-international-tracked-heavier","2","2056","provisional-packaging","1320","GBP","3000","310","published-optional-cover-subject-to-eligibility",,,"false","unapproved","https://www.royalmail.com/sites/royalmail.com/files/2026-10/online-price-guide-october-2026-v1.pdf","ce2338d8-cc1b-5622-8bad-24891b9c8504"
"FR","royal-mail-international-tracked-heavier","3","3009","provisional-packaging","1320","GBP","4000","310","published-optional-cover-subject-to-eligibility",,,"false","unapproved","https://www.royalmail.com/sites/royalmail.com/files/2026-10/online-price-guide-october-2026-v1.pdf","d73bbc16-27fd-5cce-9327-2f5dcbbc3afb"
"FR","royal-mail-international-tracked-heavier","4","3962","provisional-packaging","1320","GBP","4000",,"insufficient-published-cover",,,"false","unapproved","https://www.royalmail.com/sites/royalmail.com/files/2026-10/online-price-guide-october-2026-v1.pdf","d73bbc16-27fd-5cce-9327-2f5dcbbc3afb"
"FR","royal-mail-international-tracked-heavier","5","4915","provisional-packaging","1320","GBP","5000",,"insufficient-published-cover",,,"false","unapproved","https://www.royalmail.com/sites/royalmail.com/files/2026-10/online-price-guide-october-2026-v1.pdf","e4ec2d2f-8439-556e-a074-3e5981f31f6c"
"FR","royal-mail-international-tracked-heavier","6","5868","provisional-packaging","1580","GBP","7500",,"insufficient-published-cover",,,"false","unapproved","https://www.royalmail.com/sites/royalmail.com/files/2026-10/online-price-guide-october-2026-v1.pdf","b3279d74-9284-5b0d-a422-942a3eeef9e3"
"FR","royal-mail-international-tracked-heavier","7","6821","provisional-packaging","1580","GBP","7500",,"insufficient-published-cover",,,"false","unapproved","https://www.royalmail.com/sites/royalmail.com/files/2026-10/online-price-guide-october-2026-v1.pdf","b3279d74-9284-5b0d-a422-942a3eeef9e3"
"FR","royal-mail-international-tracked-heavier","8","7774","provisional-packaging","1580","GBP","10000",,"insufficient-published-cover",,,"false","unapproved","https://www.royalmail.com/sites/royalmail.com/files/2026-10/online-price-guide-october-2026-v1.pdf","7b2ea964-9f8b-5925-8ec3-18642bd89be6"
"FR","royal-mail-international-tracked-heavier","9","8727","provisional-packaging","1580","GBP","10000",,"insufficient-published-cover",,,"false","unapproved","https://www.royalmail.com/sites/royalmail.com/files/2026-10/online-price-guide-october-2026-v1.pdf","7b2ea964-9f8b-5925-8ec3-18642bd89be6"
"FR","royal-mail-international-tracked-heavier","10","9680","provisional-packaging","1580","GBP","10000",,"insufficient-published-cover",,,"false","unapproved","https://www.royalmail.com/sites/royalmail.com/files/2026-10/online-price-guide-october-2026-v1.pdf","7b2ea964-9f8b-5925-8ec3-18642bd89be6"
"GB","royal-mail-tracked-24-medium-parcel","1","1061","measured-total","675","GBP","2000","0","published-included-cover-subject-to-eligibility",,,"false","unapproved","https://www.royalmail.com/sites/royalmail.com/files/2026-10/online-price-guide-october-2026-v1.pdf","513f7905-14ae-5fc5-9a66-0df999ff6329"
"GB","royal-mail-tracked-24-medium-parcel","2","2056","provisional-packaging","880","GBP","10000",,"insufficient-published-cover",,,"false","unapproved","https://www.royalmail.com/sites/royalmail.com/files/2026-10/online-price-guide-october-2026-v1.pdf","91178f81-bb9d-5c50-b90a-ba64921156f2"
"GB","royal-mail-tracked-24-medium-parcel","3","3009","provisional-packaging","880","GBP","10000",,"insufficient-published-cover",,,"false","unapproved","https://www.royalmail.com/sites/royalmail.com/files/2026-10/online-price-guide-october-2026-v1.pdf","91178f81-bb9d-5c50-b90a-ba64921156f2"
"GB","royal-mail-tracked-24-medium-parcel","4","3962","provisional-packaging","880","GBP","10000",,"insufficient-published-cover",,,"false","unapproved","https://www.royalmail.com/sites/royalmail.com/files/2026-10/online-price-guide-october-2026-v1.pdf","91178f81-bb9d-5c50-b90a-ba64921156f2"
"GB","royal-mail-tracked-24-medium-parcel","5","4915","provisional-packaging","880","GBP","10000",,"insufficient-published-cover",,,"false","unapproved","https://www.royalmail.com/sites/royalmail.com/files/2026-10/online-price-guide-october-2026-v1.pdf","91178f81-bb9d-5c50-b90a-ba64921156f2"
"GB","royal-mail-tracked-24-medium-parcel","6","5868","provisional-packaging","880","GBP","10000",,"insufficient-published-cover",,,"false","unapproved","https://www.royalmail.com/sites/royalmail.com/files/2026-10/online-price-guide-october-2026-v1.pdf","91178f81-bb9d-5c50-b90a-ba64921156f2"
"GB","royal-mail-tracked-24-medium-parcel","7","6821","provisional-packaging","880","GBP","10000",,"insufficient-published-cover",,,"false","unapproved","https://www.royalmail.com/sites/royalmail.com/files/2026-10/online-price-guide-october-2026-v1.pdf","91178f81-bb9d-5c50-b90a-ba64921156f2"
"GB","royal-mail-tracked-24-medium-parcel","8","7774","provisional-packaging","880","GBP","10000",,"insufficient-published-cover",,,"false","unapproved","https://www.royalmail.com/sites/royalmail.com/files/2026-10/online-price-guide-october-2026-v1.pdf","91178f81-bb9d-5c50-b90a-ba64921156f2"
"GB","royal-mail-tracked-24-medium-parcel","9","8727","provisional-packaging","880","GBP","10000",,"insufficient-published-cover",,,"false","unapproved","https://www.royalmail.com/sites/royalmail.com/files/2026-10/online-price-guide-october-2026-v1.pdf","91178f81-bb9d-5c50-b90a-ba64921156f2"
"GB","royal-mail-tracked-24-medium-parcel","10","9680","provisional-packaging","880","GBP","10000",,"insufficient-published-cover",,,"false","unapproved","https://www.royalmail.com/sites/royalmail.com/files/2026-10/online-price-guide-october-2026-v1.pdf","91178f81-bb9d-5c50-b90a-ba64921156f2"
"GB","royal-mail-tracked-24-small-parcel","1","1061","measured-total","480","GBP","2000","0","published-included-cover-subject-to-eligibility",,,"false","unapproved","https://www.royalmail.com/sites/royalmail.com/files/2026-10/online-price-guide-october-2026-v1.pdf","4521eeb9-cf0e-5c60-986c-8d37e71b120d"
"GB","royal-mail-tracked-24-small-parcel","2","2056","provisional-packaging",,"GBP",,,"outside-published-weight-range",,,"false","unapproved",,
"GB","royal-mail-tracked-24-small-parcel","3","3009","provisional-packaging",,"GBP",,,"outside-published-weight-range",,,"false","unapproved",,
"GB","royal-mail-tracked-24-small-parcel","4","3962","provisional-packaging",,"GBP",,,"outside-published-weight-range",,,"false","unapproved",,
"GB","royal-mail-tracked-24-small-parcel","5","4915","provisional-packaging",,"GBP",,,"outside-published-weight-range",,,"false","unapproved",,
"GB","royal-mail-tracked-24-small-parcel","6","5868","provisional-packaging",,"GBP",,,"outside-published-weight-range",,,"false","unapproved",,
"GB","royal-mail-tracked-24-small-parcel","7","6821","provisional-packaging",,"GBP",,,"outside-published-weight-range",,,"false","unapproved",,
"GB","royal-mail-tracked-24-small-parcel","8","7774","provisional-packaging",,"GBP",,,"outside-published-weight-range",,,"false","unapproved",,
"GB","royal-mail-tracked-24-small-parcel","9","8727","provisional-packaging",,"GBP",,,"outside-published-weight-range",,,"false","unapproved",,
"GB","royal-mail-tracked-24-small-parcel","10","9680","provisional-packaging",,"GBP",,,"outside-published-weight-range",,,"false","unapproved",,
"GB","royal-mail-tracked-48-medium-parcel","1","1061","measured-total","570","GBP","2000","0","published-included-cover-subject-to-eligibility",,,"false","unapproved","https://www.royalmail.com/sites/royalmail.com/files/2026-10/online-price-guide-october-2026-v1.pdf","db519eef-3e12-54bc-ac71-4fda507e0e10"
"GB","royal-mail-tracked-48-medium-parcel","2","2056","provisional-packaging","755","GBP","10000",,"insufficient-published-cover",,,"false","unapproved","https://www.royalmail.com/sites/royalmail.com/files/2026-10/online-price-guide-october-2026-v1.pdf","e52858bc-83b6-5e20-b93a-ab3fca034014"
"GB","royal-mail-tracked-48-medium-parcel","3","3009","provisional-packaging","755","GBP","10000",,"insufficient-published-cover",,,"false","unapproved","https://www.royalmail.com/sites/royalmail.com/files/2026-10/online-price-guide-october-2026-v1.pdf","e52858bc-83b6-5e20-b93a-ab3fca034014"
"GB","royal-mail-tracked-48-medium-parcel","4","3962","provisional-packaging","755","GBP","10000",,"insufficient-published-cover",,,"false","unapproved","https://www.royalmail.com/sites/royalmail.com/files/2026-10/online-price-guide-october-2026-v1.pdf","e52858bc-83b6-5e20-b93a-ab3fca034014"
"GB","royal-mail-tracked-48-medium-parcel","5","4915","provisional-packaging","755","GBP","10000",,"insufficient-published-cover",,,"false","unapproved","https://www.royalmail.com/sites/royalmail.com/files/2026-10/online-price-guide-october-2026-v1.pdf","e52858bc-83b6-5e20-b93a-ab3fca034014"
"GB","royal-mail-tracked-48-medium-parcel","6","5868","provisional-packaging","755","GBP","10000",,"insufficient-published-cover",,,"false","unapproved","https://www.royalmail.com/sites/royalmail.com/files/2026-10/online-price-guide-october-2026-v1.pdf","e52858bc-83b6-5e20-b93a-ab3fca034014"
"GB","royal-mail-tracked-48-medium-parcel","7","6821","provisional-packaging","755","GBP","10000",,"insufficient-published-cover",,,"false","unapproved","https://www.royalmail.com/sites/royalmail.com/files/2026-10/online-price-guide-october-2026-v1.pdf","e52858bc-83b6-5e20-b93a-ab3fca034014"
"GB","royal-mail-tracked-48-medium-parcel","8","7774","provisional-packaging","755","GBP","10000",,"insufficient-published-cover",,,"false","unapproved","https://www.royalmail.com/sites/royalmail.com/files/2026-10/online-price-guide-october-2026-v1.pdf","e52858bc-83b6-5e20-b93a-ab3fca034014"
"GB","royal-mail-tracked-48-medium-parcel","9","8727","provisional-packaging","755","GBP","10000",,"insufficient-published-cover",,,"false","unapproved","https://www.royalmail.com/sites/royalmail.com/files/2026-10/online-price-guide-october-2026-v1.pdf","e52858bc-83b6-5e20-b93a-ab3fca034014"
"GB","royal-mail-tracked-48-medium-parcel","10","9680","provisional-packaging","755","GBP","10000",,"insufficient-published-cover",,,"false","unapproved","https://www.royalmail.com/sites/royalmail.com/files/2026-10/online-price-guide-october-2026-v1.pdf","e52858bc-83b6-5e20-b93a-ab3fca034014"
"GB","royal-mail-tracked-48-small-parcel","1","1061","measured-total","375","GBP","2000","0","published-included-cover-subject-to-eligibility",,,"false","unapproved","https://www.royalmail.com/sites/royalmail.com/files/2026-10/online-price-guide-october-2026-v1.pdf","0246eef2-fb6c-52ba-8652-89576a20edfc"
"GB","royal-mail-tracked-48-small-parcel","2","2056","provisional-packaging",,"GBP",,,"outside-published-weight-range",,,"false","unapproved",,
"GB","royal-mail-tracked-48-small-parcel","3","3009","provisional-packaging",,"GBP",,,"outside-published-weight-range",,,"false","unapproved",,
"GB","royal-mail-tracked-48-small-parcel","4","3962","provisional-packaging",,"GBP",,,"outside-published-weight-range",,,"false","unapproved",,
"GB","royal-mail-tracked-48-small-parcel","5","4915","provisional-packaging",,"GBP",,,"outside-published-weight-range",,,"false","unapproved",,
"GB","royal-mail-tracked-48-small-parcel","6","5868","provisional-packaging",,"GBP",,,"outside-published-weight-range",,,"false","unapproved",,
"GB","royal-mail-tracked-48-small-parcel","7","6821","provisional-packaging",,"GBP",,,"outside-published-weight-range",,,"false","unapproved",,
"GB","royal-mail-tracked-48-small-parcel","8","7774","provisional-packaging",,"GBP",,,"outside-published-weight-range",,,"false","unapproved",,
"GB","royal-mail-tracked-48-small-parcel","9","8727","provisional-packaging",,"GBP",,,"outside-published-weight-range",,,"false","unapproved",,
"GB","royal-mail-tracked-48-small-parcel","10","9680","provisional-packaging",,"GBP",,,"outside-published-weight-range",,,"false","unapproved",,
"IE","royal-mail-international-tracked","1","1061","measured-total","1030","GBP","1250","310","published-optional-cover-subject-to-eligibility",,,"false","unapproved","https://www.royalmail.com/sites/royalmail.com/files/2026-10/online-price-guide-october-2026-v1.pdf","62178f33-5670-547b-83ab-987d2f919e85"
"IE","royal-mail-international-tracked","2","2056","provisional-packaging",,"GBP",,,"outside-published-weight-range",,,"false","unapproved",,
"IE","royal-mail-international-tracked","3","3009","provisional-packaging",,"GBP",,,"outside-published-weight-range",,,"false","unapproved",,
"IE","royal-mail-international-tracked","4","3962","provisional-packaging",,"GBP",,,"outside-published-weight-range",,,"false","unapproved",,
"IE","royal-mail-international-tracked","5","4915","provisional-packaging",,"GBP",,,"outside-published-weight-range",,,"false","unapproved",,
"IE","royal-mail-international-tracked","6","5868","provisional-packaging",,"GBP",,,"outside-published-weight-range",,,"false","unapproved",,
"IE","royal-mail-international-tracked","7","6821","provisional-packaging",,"GBP",,,"outside-published-weight-range",,,"false","unapproved",,
"IE","royal-mail-international-tracked","8","7774","provisional-packaging",,"GBP",,,"outside-published-weight-range",,,"false","unapproved",,
"IE","royal-mail-international-tracked","9","8727","provisional-packaging",,"GBP",,,"outside-published-weight-range",,,"false","unapproved",,
"IE","royal-mail-international-tracked","10","9680","provisional-packaging",,"GBP",,,"outside-published-weight-range",,,"false","unapproved",,
"IE","royal-mail-international-tracked-heavier","1","1061","measured-total","1110","GBP","2000","310","published-optional-cover-subject-to-eligibility",,,"false","unapproved","https://www.royalmail.com/sites/royalmail.com/files/2026-10/online-price-guide-october-2026-v1.pdf","47849d73-f339-5fda-9cbf-bc5c2c2a8c0a"
"IE","royal-mail-international-tracked-heavier","2","2056","provisional-packaging","1130","GBP","3000","310","published-optional-cover-subject-to-eligibility",,,"false","unapproved","https://www.royalmail.com/sites/royalmail.com/files/2026-10/online-price-guide-october-2026-v1.pdf","45e44c22-0b28-548c-847b-b2f7705ebf2d"
"IE","royal-mail-international-tracked-heavier","3","3009","provisional-packaging","1210","GBP","4000","310","published-optional-cover-subject-to-eligibility",,,"false","unapproved","https://www.royalmail.com/sites/royalmail.com/files/2026-10/online-price-guide-october-2026-v1.pdf","db16c38f-0eae-58ea-869d-417e54311d08"
"IE","royal-mail-international-tracked-heavier","4","3962","provisional-packaging","1210","GBP","4000",,"insufficient-published-cover",,,"false","unapproved","https://www.royalmail.com/sites/royalmail.com/files/2026-10/online-price-guide-october-2026-v1.pdf","db16c38f-0eae-58ea-869d-417e54311d08"
"IE","royal-mail-international-tracked-heavier","5","4915","provisional-packaging","1340","GBP","5000",,"insufficient-published-cover",,,"false","unapproved","https://www.royalmail.com/sites/royalmail.com/files/2026-10/online-price-guide-october-2026-v1.pdf","febc2685-e054-5825-a15c-8462237841b3"
"IE","royal-mail-international-tracked-heavier","6","5868","provisional-packaging","1540","GBP","7500",,"insufficient-published-cover",,,"false","unapproved","https://www.royalmail.com/sites/royalmail.com/files/2026-10/online-price-guide-october-2026-v1.pdf","254e49ea-e40a-511a-9d03-df063af181a5"
"IE","royal-mail-international-tracked-heavier","7","6821","provisional-packaging","1540","GBP","7500",,"insufficient-published-cover",,,"false","unapproved","https://www.royalmail.com/sites/royalmail.com/files/2026-10/online-price-guide-october-2026-v1.pdf","254e49ea-e40a-511a-9d03-df063af181a5"
"IE","royal-mail-international-tracked-heavier","8","7774","provisional-packaging","1670","GBP","10000",,"insufficient-published-cover",,,"false","unapproved","https://www.royalmail.com/sites/royalmail.com/files/2026-10/online-price-guide-october-2026-v1.pdf","485d1e09-ee7e-50e3-bf1a-9f46d16e7565"
"IE","royal-mail-international-tracked-heavier","9","8727","provisional-packaging","1670","GBP","10000",,"insufficient-published-cover",,,"false","unapproved","https://www.royalmail.com/sites/royalmail.com/files/2026-10/online-price-guide-october-2026-v1.pdf","485d1e09-ee7e-50e3-bf1a-9f46d16e7565"
"IE","royal-mail-international-tracked-heavier","10","9680","provisional-packaging","1670","GBP","10000",,"insufficient-published-cover",,,"false","unapproved","https://www.royalmail.com/sites/royalmail.com/files/2026-10/online-price-guide-october-2026-v1.pdf","485d1e09-ee7e-50e3-bf1a-9f46d16e7565"
"KW","royal-mail-international-tracked","1","1061","measured-total","2775","GBP","1250","310","published-optional-cover-subject-to-eligibility",,,"false","unapproved","https://www.royalmail.com/sites/royalmail.com/files/2026-10/online-price-guide-october-2026-v1.pdf","73446131-dfa4-5ccf-ad6e-8457a30e2dc2"
"KW","royal-mail-international-tracked","2","2056","provisional-packaging",,"GBP",,,"outside-published-weight-range",,,"false","unapproved",,
"KW","royal-mail-international-tracked","3","3009","provisional-packaging",,"GBP",,,"outside-published-weight-range",,,"false","unapproved",,
"KW","royal-mail-international-tracked","4","3962","provisional-packaging",,"GBP",,,"outside-published-weight-range",,,"false","unapproved",,
"KW","royal-mail-international-tracked","5","4915","provisional-packaging",,"GBP",,,"outside-published-weight-range",,,"false","unapproved",,
"KW","royal-mail-international-tracked","6","5868","provisional-packaging",,"GBP",,,"outside-published-weight-range",,,"false","unapproved",,
"KW","royal-mail-international-tracked","7","6821","provisional-packaging",,"GBP",,,"outside-published-weight-range",,,"false","unapproved",,
"KW","royal-mail-international-tracked","8","7774","provisional-packaging",,"GBP",,,"outside-published-weight-range",,,"false","unapproved",,
"KW","royal-mail-international-tracked","9","8727","provisional-packaging",,"GBP",,,"outside-published-weight-range",,,"false","unapproved",,
"KW","royal-mail-international-tracked","10","9680","provisional-packaging",,"GBP",,,"outside-published-weight-range",,,"false","unapproved",,
"KW","royal-mail-international-tracked-heavier","1","1061","measured-total","3110","GBP","2000","310","published-optional-cover-subject-to-eligibility",,,"false","unapproved","https://www.royalmail.com/sites/royalmail.com/files/2026-10/online-price-guide-october-2026-v1.pdf","038c1ab2-f2b8-53fb-a614-442e294cd016"
"KW","royal-mail-international-tracked-heavier","2","2056","provisional-packaging","3555","GBP","3000","310","published-optional-cover-subject-to-eligibility",,,"false","unapproved","https://www.royalmail.com/sites/royalmail.com/files/2026-10/online-price-guide-october-2026-v1.pdf","90a16067-8420-5ac4-a089-3c92980f8666"
"KW","royal-mail-international-tracked-heavier","3","3009","provisional-packaging","4255","GBP","4000","310","published-optional-cover-subject-to-eligibility",,,"false","unapproved","https://www.royalmail.com/sites/royalmail.com/files/2026-10/online-price-guide-october-2026-v1.pdf","e1ac030d-8d7f-5e27-a7f4-4a483f4f6e19"
"KW","royal-mail-international-tracked-heavier","4","3962","provisional-packaging","4255","GBP","4000",,"insufficient-published-cover",,,"false","unapproved","https://www.royalmail.com/sites/royalmail.com/files/2026-10/online-price-guide-october-2026-v1.pdf","e1ac030d-8d7f-5e27-a7f4-4a483f4f6e19"
"KW","royal-mail-international-tracked-heavier","5","4915","provisional-packaging","5335","GBP","5000",,"insufficient-published-cover",,,"false","unapproved","https://www.royalmail.com/sites/royalmail.com/files/2026-10/online-price-guide-october-2026-v1.pdf","15329624-3546-59f1-a46f-e73629a6e898"
"KW","royal-mail-international-tracked-heavier","6","5868","provisional-packaging","7185","GBP","7500",,"insufficient-published-cover",,,"false","unapproved","https://www.royalmail.com/sites/royalmail.com/files/2026-10/online-price-guide-october-2026-v1.pdf","48528f43-5b45-5e0a-abb3-2fc162cc5151"
"KW","royal-mail-international-tracked-heavier","7","6821","provisional-packaging","7185","GBP","7500",,"insufficient-published-cover",,,"false","unapproved","https://www.royalmail.com/sites/royalmail.com/files/2026-10/online-price-guide-october-2026-v1.pdf","48528f43-5b45-5e0a-abb3-2fc162cc5151"
"KW","royal-mail-international-tracked-heavier","8","7774","provisional-packaging","10775","GBP","10000",,"insufficient-published-cover",,,"false","unapproved","https://www.royalmail.com/sites/royalmail.com/files/2026-10/online-price-guide-october-2026-v1.pdf","a78dd9b3-de15-50fe-a91d-6f08e94a81df"
"KW","royal-mail-international-tracked-heavier","9","8727","provisional-packaging","10775","GBP","10000",,"insufficient-published-cover",,,"false","unapproved","https://www.royalmail.com/sites/royalmail.com/files/2026-10/online-price-guide-october-2026-v1.pdf","a78dd9b3-de15-50fe-a91d-6f08e94a81df"
"KW","royal-mail-international-tracked-heavier","10","9680","provisional-packaging","10775","GBP","10000",,"insufficient-published-cover",,,"false","unapproved","https://www.royalmail.com/sites/royalmail.com/files/2026-10/online-price-guide-october-2026-v1.pdf","a78dd9b3-de15-50fe-a91d-6f08e94a81df"
"OM","royal-mail-international-tracked","1","1061","measured-total","2775","GBP","1250","310","published-optional-cover-subject-to-eligibility",,,"false","unapproved","https://www.royalmail.com/sites/royalmail.com/files/2026-10/online-price-guide-october-2026-v1.pdf","e672f702-0163-55a3-a9ad-c30136784c83"
"OM","royal-mail-international-tracked","2","2056","provisional-packaging",,"GBP",,,"outside-published-weight-range",,,"false","unapproved",,
"OM","royal-mail-international-tracked","3","3009","provisional-packaging",,"GBP",,,"outside-published-weight-range",,,"false","unapproved",,
"OM","royal-mail-international-tracked","4","3962","provisional-packaging",,"GBP",,,"outside-published-weight-range",,,"false","unapproved",,
"OM","royal-mail-international-tracked","5","4915","provisional-packaging",,"GBP",,,"outside-published-weight-range",,,"false","unapproved",,
"OM","royal-mail-international-tracked","6","5868","provisional-packaging",,"GBP",,,"outside-published-weight-range",,,"false","unapproved",,
"OM","royal-mail-international-tracked","7","6821","provisional-packaging",,"GBP",,,"outside-published-weight-range",,,"false","unapproved",,
"OM","royal-mail-international-tracked","8","7774","provisional-packaging",,"GBP",,,"outside-published-weight-range",,,"false","unapproved",,
"OM","royal-mail-international-tracked","9","8727","provisional-packaging",,"GBP",,,"outside-published-weight-range",,,"false","unapproved",,
"OM","royal-mail-international-tracked","10","9680","provisional-packaging",,"GBP",,,"outside-published-weight-range",,,"false","unapproved",,
"OM","royal-mail-international-tracked-heavier","1","1061","measured-total","3110","GBP","2000","310","published-optional-cover-subject-to-eligibility",,,"false","unapproved","https://www.royalmail.com/sites/royalmail.com/files/2026-10/online-price-guide-october-2026-v1.pdf","7fbe110c-2562-5c76-acc7-46459528a13c"
"OM","royal-mail-international-tracked-heavier","2","2056","provisional-packaging","3555","GBP","3000","310","published-optional-cover-subject-to-eligibility",,,"false","unapproved","https://www.royalmail.com/sites/royalmail.com/files/2026-10/online-price-guide-october-2026-v1.pdf","95a3d101-9f9a-5976-a09f-b7e2459e98a9"
"OM","royal-mail-international-tracked-heavier","3","3009","provisional-packaging","4255","GBP","4000","310","published-optional-cover-subject-to-eligibility",,,"false","unapproved","https://www.royalmail.com/sites/royalmail.com/files/2026-10/online-price-guide-october-2026-v1.pdf","f5088757-6684-5086-a647-e6ef2e7272e0"
"OM","royal-mail-international-tracked-heavier","4","3962","provisional-packaging","4255","GBP","4000",,"insufficient-published-cover",,,"false","unapproved","https://www.royalmail.com/sites/royalmail.com/files/2026-10/online-price-guide-october-2026-v1.pdf","f5088757-6684-5086-a647-e6ef2e7272e0"
"OM","royal-mail-international-tracked-heavier","5","4915","provisional-packaging","5335","GBP","5000",,"insufficient-published-cover",,,"false","unapproved","https://www.royalmail.com/sites/royalmail.com/files/2026-10/online-price-guide-october-2026-v1.pdf","e0314709-9e47-5fa9-aca3-75357904b793"
"OM","royal-mail-international-tracked-heavier","6","5868","provisional-packaging","7185","GBP","7500",,"insufficient-published-cover",,,"false","unapproved","https://www.royalmail.com/sites/royalmail.com/files/2026-10/online-price-guide-october-2026-v1.pdf","fd8ca203-c4da-54d1-a2ee-1e6f5f7b5311"
"OM","royal-mail-international-tracked-heavier","7","6821","provisional-packaging","7185","GBP","7500",,"insufficient-published-cover",,,"false","unapproved","https://www.royalmail.com/sites/royalmail.com/files/2026-10/online-price-guide-october-2026-v1.pdf","fd8ca203-c4da-54d1-a2ee-1e6f5f7b5311"
"OM","royal-mail-international-tracked-heavier","8","7774","provisional-packaging","10775","GBP","10000",,"insufficient-published-cover",,,"false","unapproved","https://www.royalmail.com/sites/royalmail.com/files/2026-10/online-price-guide-october-2026-v1.pdf","5a76ead1-d5db-5b4b-a353-1bf4fac84d77"
"OM","royal-mail-international-tracked-heavier","9","8727","provisional-packaging","10775","GBP","10000",,"insufficient-published-cover",,,"false","unapproved","https://www.royalmail.com/sites/royalmail.com/files/2026-10/online-price-guide-october-2026-v1.pdf","5a76ead1-d5db-5b4b-a353-1bf4fac84d77"
"OM","royal-mail-international-tracked-heavier","10","9680","provisional-packaging","10775","GBP","10000",,"insufficient-published-cover",,,"false","unapproved","https://www.royalmail.com/sites/royalmail.com/files/2026-10/online-price-guide-october-2026-v1.pdf","5a76ead1-d5db-5b4b-a353-1bf4fac84d77"
"QA","royal-mail-international-tracked","1","1061","measured-total","2775","GBP","1250","310","published-optional-cover-subject-to-eligibility",,,"false","unapproved","https://www.royalmail.com/sites/royalmail.com/files/2026-10/online-price-guide-october-2026-v1.pdf","63586561-21f3-5470-a51f-48999bb384dd"
"QA","royal-mail-international-tracked","2","2056","provisional-packaging",,"GBP",,,"outside-published-weight-range",,,"false","unapproved",,
"QA","royal-mail-international-tracked","3","3009","provisional-packaging",,"GBP",,,"outside-published-weight-range",,,"false","unapproved",,
"QA","royal-mail-international-tracked","4","3962","provisional-packaging",,"GBP",,,"outside-published-weight-range",,,"false","unapproved",,
"QA","royal-mail-international-tracked","5","4915","provisional-packaging",,"GBP",,,"outside-published-weight-range",,,"false","unapproved",,
"QA","royal-mail-international-tracked","6","5868","provisional-packaging",,"GBP",,,"outside-published-weight-range",,,"false","unapproved",,
"QA","royal-mail-international-tracked","7","6821","provisional-packaging",,"GBP",,,"outside-published-weight-range",,,"false","unapproved",,
"QA","royal-mail-international-tracked","8","7774","provisional-packaging",,"GBP",,,"outside-published-weight-range",,,"false","unapproved",,
"QA","royal-mail-international-tracked","9","8727","provisional-packaging",,"GBP",,,"outside-published-weight-range",,,"false","unapproved",,
"QA","royal-mail-international-tracked","10","9680","provisional-packaging",,"GBP",,,"outside-published-weight-range",,,"false","unapproved",,
"QA","royal-mail-international-tracked-heavier","1","1061","measured-total","3110","GBP","2000","310","published-optional-cover-subject-to-eligibility",,,"false","unapproved","https://www.royalmail.com/sites/royalmail.com/files/2026-10/online-price-guide-october-2026-v1.pdf","e66c81d7-cd5d-55d4-acfd-88fa6fd0b011"
"QA","royal-mail-international-tracked-heavier","2","2056","provisional-packaging","3555","GBP","3000","310","published-optional-cover-subject-to-eligibility",,,"false","unapproved","https://www.royalmail.com/sites/royalmail.com/files/2026-10/online-price-guide-october-2026-v1.pdf","74be4379-478f-57f2-a834-52b28413c64e"
"QA","royal-mail-international-tracked-heavier","3","3009","provisional-packaging","4255","GBP","4000","310","published-optional-cover-subject-to-eligibility",,,"false","unapproved","https://www.royalmail.com/sites/royalmail.com/files/2026-10/online-price-guide-october-2026-v1.pdf","10069d2b-aae7-5a9f-aa50-6baf6c1b047c"
"QA","royal-mail-international-tracked-heavier","4","3962","provisional-packaging","4255","GBP","4000",,"insufficient-published-cover",,,"false","unapproved","https://www.royalmail.com/sites/royalmail.com/files/2026-10/online-price-guide-october-2026-v1.pdf","10069d2b-aae7-5a9f-aa50-6baf6c1b047c"
"QA","royal-mail-international-tracked-heavier","5","4915","provisional-packaging","5335","GBP","5000",,"insufficient-published-cover",,,"false","unapproved","https://www.royalmail.com/sites/royalmail.com/files/2026-10/online-price-guide-october-2026-v1.pdf","e4f9442a-b778-5e40-af79-566427d311db"
"QA","royal-mail-international-tracked-heavier","6","5868","provisional-packaging","7185","GBP","7500",,"insufficient-published-cover",,,"false","unapproved","https://www.royalmail.com/sites/royalmail.com/files/2026-10/online-price-guide-october-2026-v1.pdf","16f09fb3-edc2-5947-a081-a5a35f3e17af"
"QA","royal-mail-international-tracked-heavier","7","6821","provisional-packaging","7185","GBP","7500",,"insufficient-published-cover",,,"false","unapproved","https://www.royalmail.com/sites/royalmail.com/files/2026-10/online-price-guide-october-2026-v1.pdf","16f09fb3-edc2-5947-a081-a5a35f3e17af"
"QA","royal-mail-international-tracked-heavier","8","7774","provisional-packaging","10775","GBP","10000",,"insufficient-published-cover",,,"false","unapproved","https://www.royalmail.com/sites/royalmail.com/files/2026-10/online-price-guide-october-2026-v1.pdf","724e45f8-2444-5e37-a72e-ccba923a0234"
"QA","royal-mail-international-tracked-heavier","9","8727","provisional-packaging","10775","GBP","10000",,"insufficient-published-cover",,,"false","unapproved","https://www.royalmail.com/sites/royalmail.com/files/2026-10/online-price-guide-october-2026-v1.pdf","724e45f8-2444-5e37-a72e-ccba923a0234"
"QA","royal-mail-international-tracked-heavier","10","9680","provisional-packaging","10775","GBP","10000",,"insufficient-published-cover",,,"false","unapproved","https://www.royalmail.com/sites/royalmail.com/files/2026-10/online-price-guide-october-2026-v1.pdf","724e45f8-2444-5e37-a72e-ccba923a0234"
"SA","royal-mail-international-tracked","1","1061","measured-total","2775","GBP","1250","310","published-optional-cover-subject-to-eligibility",,,"false","unapproved","https://www.royalmail.com/sites/royalmail.com/files/2026-10/online-price-guide-october-2026-v1.pdf","42632d9a-79bb-5cb1-adb3-b89408d82ac4"
"SA","royal-mail-international-tracked","2","2056","provisional-packaging",,"GBP",,,"outside-published-weight-range",,,"false","unapproved",,
"SA","royal-mail-international-tracked","3","3009","provisional-packaging",,"GBP",,,"outside-published-weight-range",,,"false","unapproved",,
"SA","royal-mail-international-tracked","4","3962","provisional-packaging",,"GBP",,,"outside-published-weight-range",,,"false","unapproved",,
"SA","royal-mail-international-tracked","5","4915","provisional-packaging",,"GBP",,,"outside-published-weight-range",,,"false","unapproved",,
"SA","royal-mail-international-tracked","6","5868","provisional-packaging",,"GBP",,,"outside-published-weight-range",,,"false","unapproved",,
"SA","royal-mail-international-tracked","7","6821","provisional-packaging",,"GBP",,,"outside-published-weight-range",,,"false","unapproved",,
"SA","royal-mail-international-tracked","8","7774","provisional-packaging",,"GBP",,,"outside-published-weight-range",,,"false","unapproved",,
"SA","royal-mail-international-tracked","9","8727","provisional-packaging",,"GBP",,,"outside-published-weight-range",,,"false","unapproved",,
"SA","royal-mail-international-tracked","10","9680","provisional-packaging",,"GBP",,,"outside-published-weight-range",,,"false","unapproved",,
"SA","royal-mail-international-tracked-heavier","1","1061","measured-total","3110","GBP","2000","310","published-optional-cover-subject-to-eligibility",,,"false","unapproved","https://www.royalmail.com/sites/royalmail.com/files/2026-10/online-price-guide-october-2026-v1.pdf","99c83d4d-7977-57da-a8a0-b77dbd0c6fcd"
"SA","royal-mail-international-tracked-heavier","2","2056","provisional-packaging","3555","GBP","3000","310","published-optional-cover-subject-to-eligibility",,,"false","unapproved","https://www.royalmail.com/sites/royalmail.com/files/2026-10/online-price-guide-october-2026-v1.pdf","ddef6044-e6c1-55e7-a415-13a052179cd7"
"SA","royal-mail-international-tracked-heavier","3","3009","provisional-packaging","4255","GBP","4000","310","published-optional-cover-subject-to-eligibility",,,"false","unapproved","https://www.royalmail.com/sites/royalmail.com/files/2026-10/online-price-guide-october-2026-v1.pdf","30c5b9c6-e559-5242-ac35-a43ecbb036b4"
"SA","royal-mail-international-tracked-heavier","4","3962","provisional-packaging","4255","GBP","4000",,"insufficient-published-cover",,,"false","unapproved","https://www.royalmail.com/sites/royalmail.com/files/2026-10/online-price-guide-october-2026-v1.pdf","30c5b9c6-e559-5242-ac35-a43ecbb036b4"
"SA","royal-mail-international-tracked-heavier","5","4915","provisional-packaging","5335","GBP","5000",,"insufficient-published-cover",,,"false","unapproved","https://www.royalmail.com/sites/royalmail.com/files/2026-10/online-price-guide-october-2026-v1.pdf","c5a7ff93-9fab-5c57-ae82-063deabb0b15"
"SA","royal-mail-international-tracked-heavier","6","5868","provisional-packaging","7185","GBP","7500",,"insufficient-published-cover",,,"false","unapproved","https://www.royalmail.com/sites/royalmail.com/files/2026-10/online-price-guide-october-2026-v1.pdf","719c990a-340a-5d75-a61b-2bfcbf0c9e85"
"SA","royal-mail-international-tracked-heavier","7","6821","provisional-packaging","7185","GBP","7500",,"insufficient-published-cover",,,"false","unapproved","https://www.royalmail.com/sites/royalmail.com/files/2026-10/online-price-guide-october-2026-v1.pdf","719c990a-340a-5d75-a61b-2bfcbf0c9e85"
"SA","royal-mail-international-tracked-heavier","8","7774","provisional-packaging","10775","GBP","10000",,"insufficient-published-cover",,,"false","unapproved","https://www.royalmail.com/sites/royalmail.com/files/2026-10/online-price-guide-october-2026-v1.pdf","dd265c33-83a9-5415-a592-c108b2726f5d"
"SA","royal-mail-international-tracked-heavier","9","8727","provisional-packaging","10775","GBP","10000",,"insufficient-published-cover",,,"false","unapproved","https://www.royalmail.com/sites/royalmail.com/files/2026-10/online-price-guide-october-2026-v1.pdf","dd265c33-83a9-5415-a592-c108b2726f5d"
"SA","royal-mail-international-tracked-heavier","10","9680","provisional-packaging","10775","GBP","10000",,"insufficient-published-cover",,,"false","unapproved","https://www.royalmail.com/sites/royalmail.com/files/2026-10/online-price-guide-october-2026-v1.pdf","dd265c33-83a9-5415-a592-c108b2726f5d"
"TR","royal-mail-international-tracked","1","1061","measured-total","1675","GBP","1250","310","published-optional-cover-subject-to-eligibility",,,"false","unapproved","https://www.royalmail.com/sites/royalmail.com/files/2026-10/online-price-guide-october-2026-v1.pdf","33dd7816-6e71-5811-a27a-fd2223329786"
"TR","royal-mail-international-tracked","2","2056","provisional-packaging",,"GBP",,,"outside-published-weight-range",,,"false","unapproved",,
"TR","royal-mail-international-tracked","3","3009","provisional-packaging",,"GBP",,,"outside-published-weight-range",,,"false","unapproved",,
"TR","royal-mail-international-tracked","4","3962","provisional-packaging",,"GBP",,,"outside-published-weight-range",,,"false","unapproved",,
"TR","royal-mail-international-tracked","5","4915","provisional-packaging",,"GBP",,,"outside-published-weight-range",,,"false","unapproved",,
"TR","royal-mail-international-tracked","6","5868","provisional-packaging",,"GBP",,,"outside-published-weight-range",,,"false","unapproved",,
"TR","royal-mail-international-tracked","7","6821","provisional-packaging",,"GBP",,,"outside-published-weight-range",,,"false","unapproved",,
"TR","royal-mail-international-tracked","8","7774","provisional-packaging",,"GBP",,,"outside-published-weight-range",,,"false","unapproved",,
"TR","royal-mail-international-tracked","9","8727","provisional-packaging",,"GBP",,,"outside-published-weight-range",,,"false","unapproved",,
"TR","royal-mail-international-tracked","10","9680","provisional-packaging",,"GBP",,,"outside-published-weight-range",,,"false","unapproved",,
"TR","royal-mail-international-tracked-heavier","1","1061","measured-total","2325","GBP","2000","310","published-optional-cover-subject-to-eligibility",,,"false","unapproved","https://www.royalmail.com/sites/royalmail.com/files/2026-10/online-price-guide-october-2026-v1.pdf","fcade2f1-6636-5d7f-9565-1e922fc1f3ca"
"TR","royal-mail-international-tracked-heavier","2","2056","provisional-packaging","2735","GBP","3000","310","published-optional-cover-subject-to-eligibility",,,"false","unapproved","https://www.royalmail.com/sites/royalmail.com/files/2026-10/online-price-guide-october-2026-v1.pdf","5f27f368-90fb-5d83-abec-d3cd415e09ff"
"TR","royal-mail-international-tracked-heavier","3","3009","provisional-packaging","3485","GBP","4000","310","published-optional-cover-subject-to-eligibility",,,"false","unapproved","https://www.royalmail.com/sites/royalmail.com/files/2026-10/online-price-guide-october-2026-v1.pdf","c4029562-cdfa-5636-89eb-9ff6b210748b"
"TR","royal-mail-international-tracked-heavier","4","3962","provisional-packaging","3485","GBP","4000",,"insufficient-published-cover",,,"false","unapproved","https://www.royalmail.com/sites/royalmail.com/files/2026-10/online-price-guide-october-2026-v1.pdf","c4029562-cdfa-5636-89eb-9ff6b210748b"
"TR","royal-mail-international-tracked-heavier","5","4915","provisional-packaging","4125","GBP","5000",,"insufficient-published-cover",,,"false","unapproved","https://www.royalmail.com/sites/royalmail.com/files/2026-10/online-price-guide-october-2026-v1.pdf","81f8dc51-e204-5529-bda0-676c4c22412a"
"TR","royal-mail-international-tracked-heavier","6","5868","provisional-packaging","5800","GBP","7500",,"insufficient-published-cover",,,"false","unapproved","https://www.royalmail.com/sites/royalmail.com/files/2026-10/online-price-guide-october-2026-v1.pdf","f156f7cf-85c0-582e-9ebb-7ba104bbe411"
"TR","royal-mail-international-tracked-heavier","7","6821","provisional-packaging","5800","GBP","7500",,"insufficient-published-cover",,,"false","unapproved","https://www.royalmail.com/sites/royalmail.com/files/2026-10/online-price-guide-october-2026-v1.pdf","f156f7cf-85c0-582e-9ebb-7ba104bbe411"
"TR","royal-mail-international-tracked-heavier","8","7774","provisional-packaging","7960","GBP","10000",,"insufficient-published-cover",,,"false","unapproved","https://www.royalmail.com/sites/royalmail.com/files/2026-10/online-price-guide-october-2026-v1.pdf","7854575b-1097-5241-ba06-077f8d001566"
"TR","royal-mail-international-tracked-heavier","9","8727","provisional-packaging","7960","GBP","10000",,"insufficient-published-cover",,,"false","unapproved","https://www.royalmail.com/sites/royalmail.com/files/2026-10/online-price-guide-october-2026-v1.pdf","7854575b-1097-5241-ba06-077f8d001566"
"TR","royal-mail-international-tracked-heavier","10","9680","provisional-packaging","7960","GBP","10000",,"insufficient-published-cover",,,"false","unapproved","https://www.royalmail.com/sites/royalmail.com/files/2026-10/online-price-guide-october-2026-v1.pdf","7854575b-1097-5241-ba06-077f8d001566"
"US","royal-mail-international-tracked","1","1061","measured-total","2020","GBP","1250","310","published-optional-cover-subject-to-eligibility",,,"false","unapproved","https://www.royalmail.com/sites/royalmail.com/files/2026-10/online-price-guide-october-2026-v1.pdf","8e14e136-b47e-56c0-850b-c4b06ba31eee"
"US","royal-mail-international-tracked","2","2056","provisional-packaging",,"GBP",,,"outside-published-weight-range",,,"false","unapproved",,
"US","royal-mail-international-tracked","3","3009","provisional-packaging",,"GBP",,,"outside-published-weight-range",,,"false","unapproved",,
"US","royal-mail-international-tracked","4","3962","provisional-packaging",,"GBP",,,"outside-published-weight-range",,,"false","unapproved",,
"US","royal-mail-international-tracked","5","4915","provisional-packaging",,"GBP",,,"outside-published-weight-range",,,"false","unapproved",,
"US","royal-mail-international-tracked","6","5868","provisional-packaging",,"GBP",,,"outside-published-weight-range",,,"false","unapproved",,
"US","royal-mail-international-tracked","7","6821","provisional-packaging",,"GBP",,,"outside-published-weight-range",,,"false","unapproved",,
"US","royal-mail-international-tracked","8","7774","provisional-packaging",,"GBP",,,"outside-published-weight-range",,,"false","unapproved",,
"US","royal-mail-international-tracked","9","8727","provisional-packaging",,"GBP",,,"outside-published-weight-range",,,"false","unapproved",,
"US","royal-mail-international-tracked","10","9680","provisional-packaging",,"GBP",,,"outside-published-weight-range",,,"false","unapproved",,
"US","royal-mail-international-tracked-heavier","1","1061","measured-total","3150","GBP","2000","310","published-optional-cover-subject-to-eligibility",,,"false","unapproved","https://www.royalmail.com/sites/royalmail.com/files/2026-10/online-price-guide-october-2026-v1.pdf","def79e3a-ad6d-503d-b713-1e62e2f980cd"
"US","royal-mail-international-tracked-heavier","2","2056","provisional-packaging","3240","GBP","3000","310","published-optional-cover-subject-to-eligibility",,,"false","unapproved","https://www.royalmail.com/sites/royalmail.com/files/2026-10/online-price-guide-october-2026-v1.pdf","7e3ae432-1b70-56eb-b3eb-28dc9e6efb1c"
"US","royal-mail-international-tracked-heavier","3","3009","provisional-packaging","3980","GBP","4000","310","published-optional-cover-subject-to-eligibility",,,"false","unapproved","https://www.royalmail.com/sites/royalmail.com/files/2026-10/online-price-guide-october-2026-v1.pdf","1df4a23b-c479-5cb9-8c2c-a110f32967e9"
"US","royal-mail-international-tracked-heavier","4","3962","provisional-packaging","3980","GBP","4000",,"insufficient-published-cover",,,"false","unapproved","https://www.royalmail.com/sites/royalmail.com/files/2026-10/online-price-guide-october-2026-v1.pdf","1df4a23b-c479-5cb9-8c2c-a110f32967e9"
"US","royal-mail-international-tracked-heavier","5","4915","provisional-packaging","4550","GBP","5000",,"insufficient-published-cover",,,"false","unapproved","https://www.royalmail.com/sites/royalmail.com/files/2026-10/online-price-guide-october-2026-v1.pdf","13f63f0d-8b71-5b19-899a-327f14344b97"
"US","royal-mail-international-tracked-heavier","6","5868","provisional-packaging","5950","GBP","7500",,"insufficient-published-cover",,,"false","unapproved","https://www.royalmail.com/sites/royalmail.com/files/2026-10/online-price-guide-october-2026-v1.pdf","14c60441-df96-5261-83b9-dc85158bf3ca"
"US","royal-mail-international-tracked-heavier","7","6821","provisional-packaging","5950","GBP","7500",,"insufficient-published-cover",,,"false","unapproved","https://www.royalmail.com/sites/royalmail.com/files/2026-10/online-price-guide-october-2026-v1.pdf","14c60441-df96-5261-83b9-dc85158bf3ca"
"US","royal-mail-international-tracked-heavier","8","7774","provisional-packaging","7600","GBP","10000",,"insufficient-published-cover",,,"false","unapproved","https://www.royalmail.com/sites/royalmail.com/files/2026-10/online-price-guide-october-2026-v1.pdf","1254a93a-eef6-5d6a-8120-c5fca8c1f272"
"US","royal-mail-international-tracked-heavier","9","8727","provisional-packaging","7600","GBP","10000",,"insufficient-published-cover",,,"false","unapproved","https://www.royalmail.com/sites/royalmail.com/files/2026-10/online-price-guide-october-2026-v1.pdf","1254a93a-eef6-5d6a-8120-c5fca8c1f272"
"US","royal-mail-international-tracked-heavier","10","9680","provisional-packaging","7600","GBP","10000",,"insufficient-published-cover",,,"false","unapproved","https://www.royalmail.com/sites/royalmail.com/files/2026-10/online-price-guide-october-2026-v1.pdf","1254a93a-eef6-5d6a-8120-c5fca8c1f272"
